City,Lat,Lng,Max_Temp,Humidity,Cloudiness,Wind,Country,Date
ushuaia,-54.8,-68.3,55.4,54,20,18.41,AR,1612705770
busselton,-33.65,115.3333,62.01,97,100,1.01,AU,1612705857
port elizabeth,-33.918,25.5701,69.8,94,75,9.22,ZA,1612705857
kodiak,57.79,-152.4072,26.6,63,75,4.61,US,1612705565
new norfolk,-42.7826,147.0587,55.4,62,90,4.61,AU,1612705858
bay roberts,47.5999,-53.2648,33.01,64,75,28.77,CA,1612705858
alta floresta,-9.8756,-56.0861,78.8,94,75,3.44,BR,1612705858
kapaa,22.0752,-159.319,60.8,77,1,10.36,US,1612705858
bluff,-46.6,168.3333,54.91,91,100,3.22,NZ,1612705858
severo-kurilsk,50.6789,156.125,21.83,91,99,22.35,RU,1612705771
tazovskiy,67.4667,78.7,-15.57,87,100,18.48,RU,1612705771
barrow,71.2906,-156.7887,-16.6,69,40,13.8,US,1612705858
rikitea,-23.1203,-134.9692,76.89,73,89,9.4,PF,1612705772
jamestown,42.097,-79.2353,17.01,79,90,3.44,US,1612705772
namibe,-15.1961,12.1522,82.4,54,20,13.8,AO,1612705859
uruguaiana,-29.7547,-57.0883,78.8,65,0,6.91,BR,1612705859
bengkulu,-3.8004,102.2655,79.09,84,100,7.52,ID,1612705772
arraial do cabo,-22.9661,-42.0278,78.8,73,75,11.5,BR,1612705859
nanortalik,60.1432,-45.2371,33.3,85,100,19.17,GL,1612705859
masallatah,32.6167,14.0,73.04,21,100,26.53,LY,1612705859
thompson,55.7435,-97.8558,-36.4,67,75,10.36,CA,1612705859
izumo,35.3667,132.7667,44.6,87,75,4.61,JP,1612705860
avarua,-21.2078,-159.775,77.0,94,20,4.61,CK,1612705773
santa cruz de la palma,28.6835,-17.7642,69.8,56,40,6.91,ES,1612705860
chapleau,47.8405,-83.4034,-18.4,76,1,2.3,CA,1612705860
puerto escondido,15.85,-97.0667,73.4,88,1,6.91,MX,1612705773
puerto ayora,-0.7393,-90.3518,78.01,93,92,1.01,EC,1612705860
hasaki,35.7333,140.8333,45.0,53,20,6.91,JP,1612705773
clarence town,-32.5833,151.7833,71.6,83,40,11.5,AU,1612705860
tabou,4.423,-7.3528,83.89,74,94,7.09,CI,1612705860
yellowknife,62.456,-114.3525,-47.0,66,1,3.44,CA,1612705861
chicama,-7.8447,-79.1469,71.6,83,40,3.44,PE,1612705861
lebu,-37.6167,-73.65,61.38,82,83,3.27,CL,1612705861
mar del plata,-38.0023,-57.5575,66.2,72,75,13.8,AR,1612705570
hobart,-42.8794,147.3294,55.4,62,90,4.61,AU,1612705579
cherskiy,68.75,161.3,-2.15,75,76,2.46,RU,1612705861
nome,64.5011,-165.4064,8.6,78,90,5.39,US,1612705774
keti bandar,24.1447,67.4497,68.94,46,0,6.64,PK,1612705862
grand gaube,-20.0064,57.6608,82.99,75,81,8.99,MU,1612705862
ponta do sol,32.6667,-17.1,64.0,69,100,4.0,PT,1612705775
hithadhoo,-0.6,73.0833,82.29,72,67,11.59,MV,1612705862
fairbanks,64.8378,-147.7164,-5.8,77,75,3.44,US,1612705619
mayo,38.8876,-76.5119,35.01,97,90,5.75,US,1612705863
kavieng,-2.5744,150.7967,83.1,76,28,9.84,PG,1612705863
hermanus,-34.4187,19.2345,72.0,62,48,3.0,ZA,1612705863
los llanos de aridane,28.6585,-17.9182,69.8,56,40,6.91,ES,1612705863
maceio,-9.6658,-35.7353,86.0,62,75,9.22,BR,1612705863
kaitangata,-46.2817,169.8464,57.99,92,70,3.33,NZ,1612705863
aragarcas,-15.8975,-52.2508,82.4,74,75,2.3,BR,1612705863
port alfred,-33.5906,26.891,71.01,90,16,1.99,ZA,1612705863
ancud,-41.8697,-73.8203,73.0,55,0,8.05,CL,1612705864
lompoc,34.6391,-120.4579,48.0,100,40,4.61,US,1612705777
mataura,-46.1927,168.8643,52.65,92,99,1.7,NZ,1612705864
tuktoyaktuk,69.4541,-133.0374,-16.51,87,100,15.23,CA,1612705864
faanui,-16.4833,-151.75,81.07,77,7,13.78,PF,1612705777
poya,-21.35,165.15,75.54,79,100,2.68,NC,1612705864
cape town,-33.9258,18.4232,77.0,46,0,25.32,ZA,1612705864
raduzhnyy,62.0961,77.475,26.87,98,100,11.86,RU,1612705777
mahebourg,-20.4081,57.7,86.0,66,40,12.66,MU,1612705864
chuy,-33.6971,-53.4616,75.31,59,0,5.61,UY,1612705864
punta arenas,-53.15,-70.9167,53.6,62,0,8.05,CL,1612705864
constitucion,-35.3333,-72.4167,63.03,77,100,1.32,CL,1612705865
challans,46.8436,-1.8749,46.99,76,90,5.75,FR,1612705778
dalvik,65.9702,-18.5286,33.8,75,75,2.3,IS,1612705865
east london,-33.0153,27.9116,75.2,69,0,13.8,ZA,1612705865
abu kamal,34.4506,40.9171,65.68,46,0,10.6,SY,1612705865
vizinga,61.0749,50.1031,-18.27,85,100,10.18,RU,1612705865
zhuanghe,39.7008,122.9911,19.0,45,0,7.54,CN,1612705865
albany,42.6001,-73.9662,26.01,67,90,5.46,US,1612705804
belmonte,-15.8631,-38.8828,80.6,78,75,9.22,BR,1612705865
hilo,19.7297,-155.09,68.0,56,90,8.05,US,1612705638
upernavik,72.7868,-56.1549,19.17,81,42,2.62,GL,1612705778
san jeronimo,-11.9472,-75.2829,56.39,59,100,1.68,PE,1612705779
assiniboia,49.6334,-105.9845,-20.2,69,99,3.44,CA,1612705866
yatou,37.15,122.3833,29.1,81,81,17.52,CN,1612705866
geoagiu,45.9167,23.2,54.45,60,100,2.46,RO,1612705866
khatanga,71.9667,102.5,-31.76,79,0,9.22,RU,1612705866
nicoya,10.1483,-85.452,71.6,88,0,2.3,CR,1612705866
fortuna,40.5982,-124.1573,45.0,93,90,5.01,US,1612705866
martinsville,36.6915,-79.8725,32.0,100,90,5.17,US,1612705866
souillac,-20.5167,57.5167,86.0,66,40,12.66,MU,1612705779
lamu,-2.2717,40.902,84.2,70,1,16.11,KE,1612705866
tanabe,33.7333,135.3667,46.36,74,0,8.75,JP,1612705867
bandarbeyla,9.4942,50.8122,77.77,72,0,15.46,SO,1612705867
virginia beach,36.8529,-75.978,44.01,98,100,18.28,US,1612705787
sedan,49.6667,5.0,35.01,92,100,5.03,FR,1612705867
butaritari,3.0707,172.7902,80.91,80,1,17.16,KI,1612705867
udachnyy,66.4167,112.4,-22.95,84,100,7.52,RU,1612705867
sao filipe,14.8961,-24.4956,71.15,65,36,12.17,CV,1612705780
pangody,65.85,74.4859,-3.68,91,100,22.79,RU,1612705867
doka,13.5167,35.7667,89.92,10,76,9.86,SD,1612705634
muisne,0.6,-80.0333,77.0,100,75,5.75,EC,1612705868
waitati,-45.75,170.5667,59.0,89,58,5.01,NZ,1612705868
sitka,57.0531,-135.33,30.2,64,90,4.61,US,1612705781
port lincoln,-34.7333,135.8667,60.57,79,16,17.38,AU,1612705868
flinders,-34.5833,150.8552,70.0,78,100,4.0,AU,1612705868
guerrero negro,27.9769,-114.0611,54.54,68,0,2.17,MX,1612705781
geraldton,-28.7667,114.6,69.8,78,75,11.5,AU,1612705868
ribeira grande,38.5167,-28.7,62.6,77,20,19.57,PT,1612705868
khasan,42.4308,130.6434,12.9,87,0,17.47,RU,1612705868
rawson,-43.3002,-65.1023,60.33,53,22,13.58,AR,1612705868
banda aceh,5.5577,95.3222,80.28,81,38,6.64,ID,1612705801
gawler,-34.6,138.7333,59.0,78,0,1.01,AU,1612705869
luderitz,-26.6481,15.1594,79.54,43,0,34.99,NA,1612705869
northam,51.0333,-4.2167,39.99,71,24,14.0,GB,1612705869
birin,26.8865,88.0718,47.26,71,0,3.89,NP,1612705782
lysva,58.1086,57.8053,-1.41,91,100,10.87,RU,1612705869
saskylakh,71.9167,114.0833,-38.76,78,27,11.05,RU,1612705869
ilulissat,69.2167,-51.1,23.0,50,0,33.38,GL,1612705869
kolyvan,55.3053,82.7391,24.8,63,0,15.66,RU,1612705870
kaohsiung,22.6163,120.3133,70.0,78,40,4.61,TW,1612705870
sorland,67.667,12.6934,32.0,86,40,11.5,NO,1612705870
mogadishu,2.0371,45.3438,82.4,61,20,20.71,SO,1612705816
mehamn,71.0357,27.8492,22.98,93,97,19.15,NO,1612705870
avera,33.194,-82.5271,39.2,90,90,9.22,US,1612705748
dikson,73.5069,80.5464,-26.05,87,91,9.8,RU,1612705870
voyvozh,62.892,54.9635,-26.91,86,100,10.8,RU,1612705870
cedar city,37.6775,-113.0619,32.0,40,1,9.22,US,1612705870
vaini,-21.2,-175.2,78.8,94,75,8.05,TO,1612705870
tual,-5.6667,132.75,83.71,79,100,16.26,ID,1612705783
cabo san lucas,22.8909,-109.9124,57.2,72,1,6.91,MX,1612705871
torbay,47.6666,-52.7314,33.01,64,75,28.77,CA,1612705871
yeppoon,-23.1333,150.7333,82.4,74,40,10.36,AU,1612705784
sinjar,36.3209,41.8754,58.5,47,0,2.06,IQ,1612705871
nikolskoye,59.7035,30.7861,17.01,79,75,13.42,RU,1612705871
sale,34.0389,-6.8166,60.01,77,40,10.36,MA,1612705871
havre-saint-pierre,50.2334,-63.5986,21.2,73,1,35.68,CA,1612705871
qaanaaq,77.484,-69.3632,11.82,88,100,2.39,GL,1612705871
fort saint james,54.4333,-124.25,-7.49,89,97,1.81,CA,1612705784
atuona,-9.8,-139.0333,78.87,75,51,21.25,PF,1612705872
pastavy,55.1168,26.8326,7.12,92,0,2.93,BY,1612705872
san policarpo,12.1791,125.5072,80.56,84,100,18.39,PH,1612705872
abha,18.2164,42.5053,64.4,52,40,13.8,SA,1612705872
meulaboh,4.1363,96.1285,80.76,74,18,0.2,ID,1612705872
yura,-16.2522,-71.6797,62.6,55,20,3.44,PE,1612705872
sarangani,5.4033,125.4636,81.99,75,100,3.47,PH,1612705785
kiri buru,22.0833,85.35,60.71,32,0,0.27,IN,1612705873
olsztyn,53.7799,20.4942,8.6,72,0,5.75,PL,1612705873
binabalian,16.4202,119.9279,80.58,80,68,5.95,PH,1612705873
nabire,-3.3667,135.4833,77.67,84,100,2.75,ID,1612705873
qaqortoq,60.7167,-46.0333,39.2,30,75,48.34,GL,1612705873
barentu,15.1139,37.5928,82.67,15,0,12.91,ER,1612705786
padang,-0.9492,100.3543,80.6,83,20,2.3,ID,1612705873
carnarvon,-24.8667,113.6333,80.6,100,90,12.66,AU,1612705874
provideniya,64.3833,-173.3,-4.04,77,0,14.23,RU,1612705786
olinda,-8.0089,-34.8553,84.2,61,40,9.22,BR,1612705786
faya,18.3851,42.4509,64.4,52,40,13.8,SA,1612705874
azul,-36.777,-59.8585,75.54,52,8,8.97,AR,1612705786
kilifarevo,42.9833,25.6333,42.8,100,90,9.22,BG,1612705787
broome,42.2506,-75.833,25.0,50,90,9.22,US,1612705874
waingapu,-9.6567,120.2641,79.02,81,91,5.35,ID,1612705874
klaksvik,62.2266,-6.589,35.6,69,75,13.8,FO,1612705874
maniitsoq,65.4167,-52.9,27.52,81,0,21.85,GL,1612705787
kizhinga,51.8462,109.9097,6.44,92,100,2.98,RU,1612705875
isilkul,54.9109,71.2728,7.68,93,100,20.24,RU,1612705875
pevek,69.7008,170.3133,-7.83,87,0,2.06,RU,1612705875
batemans bay,-35.7167,150.1833,64.99,76,86,4.0,AU,1612705875
lagoa,39.05,-27.9833,58.53,76,100,19.24,PT,1612705875
san quintin,30.4833,-115.95,55.71,75,0,4.45,MX,1612705875
margate,51.3813,1.3862,30.99,87,100,5.99,GB,1612705875
uruzgan,32.8333,66.0,52.81,42,0,1.41,AF,1612705788
le francois,14.6156,-60.9031,82.4,69,20,21.85,MQ,1612705876
kaspiyskiy,45.3929,47.3707,31.93,86,99,14.83,RU,1612705876
muroto,33.2833,134.15,55.65,49,0,11.77,JP,1612705876
coquimbo,-29.9533,-71.3436,60.8,77,90,5.75,CL,1612705876
bambous virieux,-20.3428,57.7575,86.0,66,40,12.66,MU,1612705876
timon,-5.0942,-42.8367,89.6,58,40,5.75,BR,1612705876
port hardy,50.6996,-127.4199,37.4,100,90,5.75,CA,1612705876
qarqin,37.4185,66.0436,58.82,41,82,1.72,AF,1612705876
hambantota,6.1241,81.1185,80.6,83,20,8.05,LK,1612705877
chiredzi,-21.05,31.6667,86.99,54,63,6.55,ZW,1612705877
leningradskiy,69.3833,178.4167,-12.44,75,15,5.57,RU,1612705877
benghazi,32.1167,20.0667,69.84,42,100,18.86,LY,1612705789
wanlaweyn,2.6185,44.8938,95.9,24,0,16.89,SO,1612705645
saint-joseph,-21.3667,55.6167,86.0,66,20,5.75,RE,1612705877
tasiilaq,65.6145,-37.6368,23.0,58,1,4.61,GL,1612705877
ternate,0.8,127.4,81.55,79,100,5.59,ID,1612705877
hearst,49.6835,-83.6665,-18.4,76,100,4.61,CA,1612705790
chenzhou,25.8,113.0333,61.47,71,0,7.52,CN,1612705790
rantepao,-2.9701,119.8978,69.46,89,100,1.79,ID,1612705877
badou,7.5833,0.6,98.64,25,100,2.62,TG,1612705878
talara,-4.5772,-81.2719,77.0,65,0,10.36,PE,1612705878
durant,33.994,-96.3708,34.0,100,90,3.44,US,1612705878
qandala,11.472,49.8728,76.68,73,15,5.59,SO,1612705878
bud,39.447,-86.1758,5.0,83,6,8.46,US,1612705790
caravelas,-17.7125,-39.2481,84.7,72,98,9.55,BR,1612705878
amalapuram,16.5833,82.0167,80.6,54,11,6.91,IN,1612705791
lexington,37.9887,-84.4777,23.0,79,75,11.5,US,1612705878
riyadh,24.6877,46.7219,69.8,28,0,19.57,SA,1612705873
chambas,22.1928,-78.9136,73.4,100,90,3.44,CU,1612705791
rovenki,48.0833,39.3776,19.31,74,100,8.93,UA,1612705878
airai,-8.9266,125.4092,61.68,100,100,1.57,TL,1612705879
saint-philippe,-21.3585,55.7679,86.0,66,20,5.75,RE,1612705879
lasa,46.6166,10.7002,41.0,86,90,8.05,IT,1612705879
georgetown,5.4112,100.3354,86.0,70,20,3.44,MY,1612705879
half moon bay,37.4636,-122.4286,44.6,100,90,5.23,US,1612705792
ust-tsilma,65.441,52.1498,-25.06,83,100,10.13,RU,1612705879
novopavlovka,51.2172,109.2091,5.05,92,100,2.77,RU,1612705879
atasu,48.6814,71.6433,16.56,97,100,10.8,KZ,1612705879
antalaha,-14.9003,50.2788,83.62,69,47,6.93,MG,1612705879
soltsy,58.1239,30.3238,17.92,96,100,7.9,RU,1612705879
port blair,11.6667,92.75,79.97,76,0,11.27,IN,1612705880
dunedin,-45.8742,170.5036,59.0,92,52,4.0,NZ,1612705880
kropotkin,45.4375,40.5756,27.95,96,100,3.22,RU,1612705880
mandera,3.9366,41.867,97.83,21,0,12.06,KE,1612705880
high level,58.5169,-117.136,-40.0,67,1,3.51,CA,1612705793
walvis bay,-22.9575,14.5053,73.4,60,39,10.36,NA,1612705880
lorengau,-2.0226,147.2712,82.0,81,95,9.17,PG,1612705880
acari,-15.4311,-74.6158,79.77,54,99,5.73,PE,1612705880
petrokhorion,41.1167,24.8333,59.0,77,20,3.44,GR,1612705793
gladstone,-23.85,151.25,82.4,78,90,4.61,AU,1612705880
linqiong,30.4159,103.4609,51.8,62,0,2.71,CN,1612705793
payo,-3.7508,103.6372,74.08,93,100,1.81,ID,1612705881
saint-georges,12.0564,-61.7485,80.6,69,40,21.85,GD,1612705793
chany,55.3121,76.7647,12.25,92,100,20.85,RU,1612705881
sault sainte marie,46.5168,-84.3333,3.2,71,1,11.5,CA,1612705881
bethel,41.3712,-73.414,32.0,59,90,4.61,US,1612705794
verkhnyaya salda,58.0456,60.5533,-1.64,91,100,13.71,RU,1612705881
pisco,-13.7,-76.2167,73.4,78,75,4.32,PE,1612705802
saldanha,-33.0117,17.9442,77.0,44,1,21.85,ZA,1612705794
marrakesh,31.6315,-8.0083,60.8,55,40,5.75,MA,1612705881
peterhead,57.5058,-1.7981,34.0,86,40,9.22,GB,1612705881
vigia del fuerte,6.5789,-76.8863,79.07,89,100,2.84,CO,1612705882
korla,41.7597,86.1469,34.86,70,100,10.04,CN,1612705882
salalah,17.0151,54.0924,77.0,65,75,11.5,OM,1612705600
katav-ivanovsk,54.7531,58.1956,-4.07,87,98,10.54,RU,1612705795
amapa,1.0,-52.0,82.6,79,69,1.83,BR,1612705882
nyurba,63.2842,118.3319,-8.91,88,100,7.83,RU,1612705882
kalundborg,55.6795,11.0886,26.6,80,75,20.71,DK,1612705882
borzya,50.3833,116.5167,-15.48,87,0,1.74,RU,1612705882
asfi,32.2994,-9.2372,59.63,64,22,6.91,MA,1612705882
inverness,57.4791,-4.224,35.6,64,40,10.36,GB,1612705795
esperance,-33.8667,121.9,64.4,82,90,17.27,AU,1612705743
akyab,20.15,92.9,76.32,47,0,16.49,MM,1612705795
pochutla,15.7432,-96.4661,73.99,78,75,2.59,MX,1612705795
hami,42.8,93.45,32.47,79,45,4.23,CN,1612705766
varkkallai,8.7341,76.7067,86.0,66,20,1.95,IN,1612705883
mount isa,-20.7333,139.5,78.8,89,90,5.75,AU,1612705883
pyshma,56.9523,63.2513,0.73,89,100,17.25,RU,1612705883
touros,-5.1989,-35.4608,87.8,58,75,11.5,BR,1612705883
menongue,-14.6585,17.691,78.8,62,100,6.2,AO,1612705796
chokurdakh,70.6333,147.9167,-30.15,84,30,0.43,RU,1612705883
debre tabor,11.85,38.0167,65.68,30,60,16.87,ET,1612705883
shingu,33.7333,135.9833,44.31,77,0,5.61,JP,1612705883
port hawkesbury,45.6169,-61.3485,28.99,50,1,19.57,CA,1612705884
ventspils,57.3894,21.5606,21.2,73,0,2.3,LV,1612705884
altay,47.8667,88.1167,22.55,84,96,2.04,CN,1612705884
evensk,61.95,159.2333,19.72,81,100,37.58,RU,1612705797
saint-augustin,51.226,-58.6502,29.62,93,99,24.43,CA,1612705884
klatovy,49.3955,13.2951,35.01,100,90,6.91,CZ,1612705797
svetlogorsk,52.6333,29.7333,8.71,90,13,2.53,BY,1612705884
tumut,-35.3,148.2167,64.4,72,13,6.91,AU,1612705884
kavaratti,10.5669,72.642,81.7,66,0,8.66,IN,1612705884
mangai,-4.05,19.5333,89.46,48,68,0.56,CD,1612705884
saint george,37.1041,-113.5841,32.0,59,1,3.44,US,1612705885
abu dhabi,24.4667,54.3667,80.6,32,0,8.05,AE,1612705635
vilyuysk,63.7553,121.6247,-23.58,85,82,10.45,RU,1612705798
ascension,30.2169,-90.9001,50.0,71,90,10.36,US,1612705885
kawalu,-7.3817,108.2082,74.16,89,100,2.21,ID,1612705885
ekhabi,53.5102,142.9671,8.65,95,100,23.96,RU,1612705885
molteno,-31.3968,26.3625,83.64,27,66,13.6,ZA,1612705886
kumba,4.6363,9.4469,98.22,29,15,2.53,CM,1612705798
murray bridge,-35.1167,139.2667,55.99,92,6,1.01,AU,1612705886
wewak,-3.5534,143.6268,79.74,81,94,7.0,PG,1612705886
popondetta,-8.7537,148.2534,75.97,86,3,2.37,PG,1612705799
pitimbu,-7.4706,-34.8086,87.8,62,75,11.5,BR,1612705886
moranbah,-22.0016,148.0466,80.87,76,82,8.39,AU,1612705886
mnogovershinnyy,53.9353,139.9242,-1.95,92,100,10.83,RU,1612705886
key largo,25.0865,-80.4473,75.0,96,0,15.05,US,1612705886
tiksi,71.6872,128.8694,-29.79,83,97,4.76,RU,1612705886
huilong,31.8111,121.655,51.01,83,93,17.83,CN,1612705799
nuuk,64.1835,-51.7216,33.8,44,20,20.71,GL,1612705656
at-bashi,41.1702,75.8106,25.92,87,100,1.03,KG,1612705887
turan,16.0678,108.2208,75.2,78,75,2.3,VN,1612705676
snasa,64.2457,12.3778,5.0,85,40,11.5,NO,1612705887
miles city,46.4083,-105.8406,-7.6,77,90,17.27,US,1612705887
totness,5.8833,-56.3167,79.32,85,99,13.29,SR,1612705887
feira de santana,-12.2667,-38.9667,89.82,42,68,7.09,BR,1612705887
puerto del rosario,28.5004,-13.8627,68.0,49,40,12.66,ES,1612705800
cayenne,4.9333,-52.3333,82.4,83,90,16.11,GF,1612705887
pahrump,36.2083,-115.9839,37.4,55,1,1.43,US,1612705800
florianopolis,-27.6146,-48.5012,82.99,61,0,4.61,BR,1612705888
victoria,22.2855,114.1577,66.0,81,0,1.01,HK,1612705888
hamilton,39.1834,-84.5333,16.0,73,1,6.91,US,1612705738
longyearbyen,78.2186,15.6401,17.6,73,75,14.97,SJ,1612705801
tarboro,35.8968,-77.5358,41.0,93,90,6.91,US,1612705801
san lorenzo,-25.3333,-57.5333,82.4,54,0,5.75,PY,1612705888
nakamura,32.9833,132.9333,43.79,77,0,4.68,JP,1612705888
mayumba,-3.432,10.6554,83.23,76,62,7.74,GA,1612705888
rani,25.3503,73.3089,65.37,26,0,5.84,IN,1612705888
gaspe,48.8334,-64.4819,19.4,68,1,14.97,CA,1612705700
kathmandu,27.7167,85.3167,53.6,50,20,4.61,NP,1612705802
opuwo,-18.0607,13.84,96.84,11,98,10.98,NA,1612705889
chifeng,42.2683,118.9636,3.79,82,0,4.85,CN,1612705889
nelson bay,-32.7167,152.15,71.6,83,40,11.5,AU,1612705803
prince rupert,54.3161,-130.3201,33.8,80,75,6.91,CA,1612705803
okhotsk,59.3833,143.3,13.39,87,100,25.59,RU,1612705889
pacific grove,36.6177,-121.9166,42.8,93,40,6.91,US,1612705879
port augusta,-32.5,137.7667,66.2,72,0,17.27,AU,1612705889
phitsanulok,16.9167,100.5,89.01,73,0,2.3,TH,1612705889
civita castellana,42.2952,12.4092,54.0,90,100,7.0,IT,1612705889
aasiaat,68.7098,-52.8699,18.88,87,0,20.22,GL,1612705890
lewiston,44.1003,-70.2148,21.99,79,1,3.94,US,1612705592
mecca,21.4267,39.8261,81.21,17,0,8.34,SA,1612705890
kyabe,9.4515,18.9449,97.11,8,68,6.17,TD,1612705890
clyde river,70.4692,-68.5914,-4.0,84,90,5.75,CA,1612705804
san cristobal,7.7669,-72.225,77.0,78,40,4.61,VE,1612705890
masunga,-20.6246,27.4488,66.2,100,75,3.44,BW,1612705890
camacha,33.0833,-16.3333,60.8,88,75,12.66,PT,1612705891
jiguani,20.3667,-76.4272,71.6,94,59,2.3,CU,1612705891
college,64.8569,-147.8028,-5.8,77,90,2.82,US,1612705891
havoysund,70.9963,24.6622,24.8,63,75,12.66,NO,1612705805
anchorage,61.2181,-149.9003,12.2,85,90,4.54,US,1612705788
wittingen,52.7269,10.7361,24.01,93,100,24.16,DE,1612705805
codrington,-38.2667,141.9667,55.96,70,71,10.6,AU,1612705724
samarai,-10.6167,150.6667,82.99,77,80,5.23,PG,1612705891
fort nelson,58.8053,-122.7002,-29.2,68,20,4.61,CA,1612705891
bredasdorp,-34.5322,20.0403,71.6,53,81,8.05,ZA,1612705891
sovetsk,55.0839,21.8785,13.41,96,98,6.58,RU,1612705806
macherla,16.4833,79.4333,75.97,38,0,2.15,IN,1612705892
rocha,-34.4833,-54.3333,76.77,56,0,4.18,UY,1612705892
kahului,20.8947,-156.47,64.0,82,20,6.91,US,1612705892
coihaique,-45.5752,-72.0662,57.2,67,40,8.05,CL,1612705621
kruisfontein,-34.0033,24.7314,71.01,82,100,7.0,ZA,1612705893
kharp,66.8014,65.8081,-3.75,89,100,16.62,RU,1612705893
jablah,35.3614,35.9256,63.25,73,2,7.99,SY,1612705893
port-de-bouc,43.4,4.9833,53.6,62,75,16.11,FR,1612705894
limbang,4.75,115.0,80.6,83,75,9.22,MY,1612705894
darnah,32.767,22.6367,69.66,39,100,14.36,LY,1612705894
yarmouth,41.7057,-70.2286,39.99,56,90,9.22,US,1612705894
thinadhoo,0.5333,72.9333,82.0,73,43,12.73,MV,1612705807
yulara,-25.2406,130.9889,86.0,23,0,11.5,AU,1612705894
chippewa falls,44.9369,-91.3929,-18.4,69,1,3.44,US,1612705894
lukovetskiy,64.2956,41.9211,-4.0,65,20,2.24,RU,1612705894
harwich,51.9419,1.2844,30.99,91,100,21.99,GB,1612705894
kondoa,-4.9,35.7833,75.87,67,94,3.24,TZ,1612705895
tuatapere,-46.1333,167.6833,54.73,74,100,4.88,NZ,1612705895
waipawa,-41.4122,175.5153,64.4,82,75,12.66,NZ,1612705895
xinyu,27.8043,114.9334,60.26,76,76,7.99,CN,1612705895
nago,26.5881,127.9761,64.4,59,1,3.44,JP,1612705895
nhulunbuy,-12.2333,136.7667,78.8,83,100,12.66,AU,1612705895
paamiut,61.994,-49.6678,34.32,76,81,19.01,GL,1612705895
kaseda,31.4167,130.3167,54.14,66,0,11.86,JP,1612705895
sibolga,1.7427,98.7792,78.64,80,85,3.8,ID,1612705633
rey bouba,8.6724,14.1786,102.85,8,91,4.47,CM,1612705895
chadiza,-14.0678,32.4392,75.83,87,99,5.19,ZM,1612705896
taoudenni,22.6783,-3.9836,76.08,18,0,14.07,ML,1612705896
bowen,-20.0167,148.2333,78.8,94,100,5.75,AU,1612705809
arlit,18.7369,7.3853,87.93,9,85,7.2,NE,1612705896
ginir,7.1333,40.7,73.54,35,88,7.94,ET,1612705896
kang,-23.6752,22.7876,77.18,65,56,5.3,BW,1612705896
komsomolskiy,40.4272,71.7189,46.45,79,100,8.03,UZ,1612705896
tailai,46.3833,123.4,-2.7,86,94,3.47,CN,1612705896
iqaluit,63.7506,-68.5145,17.6,67,20,10.36,CA,1612705773
sibenik,43.7272,15.9058,60.01,77,75,14.97,HR,1612705896
sambava,-14.2667,50.1667,83.52,72,98,6.78,MG,1612705897
ovsyanka,55.9575,92.5519,35.6,51,0,15.66,RU,1612705897
shaki,41.0833,47.1667,60.8,47,0,16.11,AZ,1612705897
kurumkan,54.3,110.3,-1.26,86,100,1.3,RU,1612705811
flin flon,54.7682,-101.865,-38.2,67,1,9.22,CA,1612705897
harper,4.375,-7.7169,84.06,72,82,6.55,LR,1612705897
kirovskiy,45.0917,133.5136,-6.79,91,100,3.31,RU,1612705897
acarau,-2.8856,-40.12,88.39,56,3,13.44,BR,1612705812
jiuquan,39.7432,98.5174,34.97,60,100,8.14,CN,1612705897
ahipara,-35.1667,173.1667,59.49,88,75,5.44,NZ,1612705897
beirut,33.8889,35.4944,66.2,72,75,5.75,LB,1612705812
joutseno,61.118,28.5076,18.0,88,94,1.01,FI,1612705897
vila velha,-20.3297,-40.2925,71.01,100,90,6.91,BR,1612705898
santa cruz,-17.8,-63.1667,84.2,58,40,3.89,BO,1612705898
vannes,47.8333,-2.5,45.0,70,90,4.61,FR,1612705812
imeni poliny osipenko,52.4201,136.4853,1.96,93,100,2.91,RU,1612705898
saint-francois,46.4154,3.9054,46.0,65,75,9.22,FR,1612705898
sao joao da barra,-21.6403,-41.0511,77.0,73,90,1.43,BR,1612705898
arroyo,41.6096,-4.7969,44.01,70,75,16.11,ES,1612705813
melita,49.2681,-100.9967,-20.99,77,2,3.0,CA,1612705898
diego de almagro,-26.3667,-70.05,74.84,23,1,4.63,CL,1612705620
san patricio,28.017,-97.5169,44.6,81,1,5.93,US,1612705898
berbera,10.4396,45.0143,77.72,64,8,7.92,SO,1612705898
vila franca do campo,37.7167,-25.4333,63.0,94,75,16.11,PT,1612705899
kulhudhuffushi,6.6221,73.07,81.77,75,66,13.44,MV,1612705813
palmer,42.1584,-72.3287,28.99,68,100,4.07,US,1612705808
la ronge,55.1001,-105.2842,-41.8,66,0,5.75,CA,1612705899
kovernino,57.1253,43.8142,-3.08,90,100,7.99,RU,1612705899
supaul,26.1167,86.6,63.28,48,0,7.0,IN,1612705814
minna,9.6139,6.5569,102.9,8,100,5.06,NG,1612705814
cidreira,-30.1811,-50.2056,75.72,70,60,9.89,BR,1612705899
vung tau,10.346,107.0843,76.71,81,78,16.55,VN,1612705899
piopio,-38.4667,175.0167,62.01,89,78,2.06,NZ,1612705899
illapel,-31.6308,-71.1653,71.89,44,0,5.64,CL,1612705899
pirgos,35.1167,25.7178,66.99,70,60,11.27,GR,1612705900
porbandar,21.6422,69.6093,72.07,44,0,10.07,IN,1612705900
katsuura,35.1333,140.3,48.0,47,35,5.01,JP,1612705629
ilembo,-9.25,33.3833,68.27,90,71,1.61,TZ,1612705900
ponnani,10.767,75.9252,84.2,65,20,2.3,IN,1612705900
great yarmouth,52.6083,1.7305,34.0,75,75,29.93,GB,1612705900
portland,45.5234,-122.6762,42.01,87,90,5.97,US,1612705802
dukat,62.55,155.55,-0.78,88,100,12.15,RU,1612705900
taltal,-25.4,-70.4833,69.4,61,0,7.74,CL,1612705815
odweyne,9.4092,45.064,77.05,43,0,16.13,SO,1612705900
koping,59.514,15.9926,23.0,68,75,6.91,SE,1612705900
nouadhibou,20.931,-17.0347,73.4,35,0,17.27,MR,1612705816
bubaque,11.2833,-15.8333,78.67,52,1,12.17,GW,1612705901
srednekolymsk,67.45,153.6833,-8.27,88,100,6.85,RU,1612705816
novikovo,51.1537,37.8879,5.0,90,30,9.84,RU,1612705901
vardo,70.3705,31.1107,19.4,73,40,12.66,NO,1612705901
champerico,14.3,-91.9167,69.8,88,0,8.7,GT,1612705901
hofn,64.2539,-15.2082,33.8,93,75,4.61,IS,1612705901
hauterive,46.0901,3.4459,48.2,49,0,20.71,FR,1612705816
almaznyy,48.0448,40.045,19.4,58,20,8.95,RU,1612705901
saposoa,-6.934,-76.7716,78.8,89,75,3.44,PE,1612705901
knyaze-volkonskoye,48.4642,135.4567,-4.0,65,20,8.95,RU,1612705901
mandalgovi,45.7625,106.2708,13.28,80,0,9.13,MN,1612705902
krasnopavlivka,49.1372,36.3272,17.85,73,100,6.8,UA,1612705902
ishigaki,24.3448,124.1572,70.41,73,99,12.55,JP,1612705687
lazaro cardenas,17.9583,-102.2,72.82,77,23,5.59,MX,1612705902
meiganga,6.5167,14.3,93.85,13,100,6.06,CM,1612705902
kemijarvi,66.7131,27.4306,17.15,95,68,9.08,FI,1612705902
antofagasta,-23.65,-70.4,75.0,73,20,5.75,CL,1612705694
belaya kholunitsa,58.84,50.8528,-11.6,89,100,10.22,RU,1612705902
cockburn town,21.4612,-71.1419,77.83,80,4,21.39,TC,1612705902
sungairaya,0.7,108.9,77.97,86,100,9.91,ID,1612705902
santa isabel do rio negro,-0.4139,-65.0192,82.53,75,100,3.42,BR,1612705818
talnakh,69.4865,88.3972,-25.37,71,0,3.27,RU,1612705902
kiama,-34.6833,150.8667,70.0,80,100,1.99,AU,1612705903
majene,-3.5403,118.9707,78.94,83,100,1.86,ID,1612705903
pinotepa nacional,16.3167,-98.0167,73.26,77,32,2.37,MX,1612705903
deputatskiy,69.3,139.9,-30.37,86,0,1.14,RU,1612705903
cairns,-16.9167,145.7667,82.4,94,75,0.65,AU,1612705903
ossora,59.2353,163.0719,23.49,97,100,38.05,RU,1612705903
mackay,-21.15,149.2,82.4,83,87,9.22,AU,1612705708
cabrobo,-8.5142,-39.31,90.32,39,58,4.5,BR,1612705903
labuhan,-6.8844,112.2051,79.92,82,100,13.87,ID,1612705819
nahavand,34.1885,48.377,42.03,71,100,4.65,IR,1612705832
plouzane,48.3833,-4.6167,46.4,87,90,12.66,FR,1612705903
galle,6.0367,80.217,79.61,82,100,2.33,LK,1612705904
cap-aux-meules,47.3821,-61.8597,26.6,59,0,28.77,CA,1612705904
xining,36.6167,101.7667,29.08,56,0,4.23,CN,1612705820
cluses,46.0625,6.575,41.0,70,75,10.36,FR,1612705904
farah,32.5,62.5,57.81,29,2,1.41,AF,1612705904
simbahan,6.3032,120.5836,81.23,83,100,13.27,PH,1612705904
liberia,6.5,-9.5,99.07,34,24,1.1,LR,1612705904
solnechnyy,50.7214,136.6319,-1.19,90,95,5.23,RU,1612705904
inhambane,-23.865,35.3833,89.6,58,40,6.91,MZ,1612705904
lavrentiya,65.5833,-171.0,-11.11,80,0,4.81,RU,1612705821
takoradi,4.8845,-1.7554,84.04,76,100,11.5,GH,1612705905
sarangarh,21.6,83.0833,66.92,26,0,3.38,IN,1612705821
oriximina,-1.7656,-55.8661,87.96,59,78,2.59,BR,1612705821
wanning,18.8003,110.3967,69.1,90,14,6.2,CN,1612705905
urubicha,-15.3833,-62.95,89.42,52,55,2.17,BO,1612705905
changchun,43.88,125.3228,-2.2,71,0,4.47,CN,1612705905
santana do paraiso,-19.3636,-42.5686,72.18,96,100,0.74,BR,1612705821
alcains,39.9164,-7.4566,50.0,75,100,5.99,PT,1612705905
nanakuli,21.3906,-158.1547,62.01,77,20,4.61,US,1612705905
el alto,-4.2714,-81.2147,77.0,65,0,10.36,PE,1612705906
fayaoue,-20.65,166.5333,80.31,73,0,6.4,NC,1612705822
naryan-mar,67.6713,53.087,-20.15,86,100,13.35,RU,1612705906
adrasmon,40.6472,69.9856,46.4,71,90,22.37,TJ,1612705906
mormugao,15.4,73.8,102.2,29,0,6.91,IN,1612705822
presidente medici,-11.1753,-61.9014,75.31,93,99,3.36,BR,1612705906
beloha,-25.1667,45.05,84.9,62,40,13.78,MG,1612705906
borda da mata,-22.2742,-46.1653,71.6,68,40,3.98,BR,1612705906
naze,28.3667,129.4833,58.35,64,0,9.75,JP,1612705906
malanje,-9.5402,16.341,76.42,81,96,7.14,AO,1612705906
norman wells,65.282,-126.8329,-20.2,76,75,5.75,CA,1612705907
paris,48.8534,2.3488,35.01,93,90,11.5,FR,1612705803
luba,3.4568,8.5547,89.6,55,20,8.05,GQ,1612705907
barguzin,53.6167,109.6167,5.32,89,100,2.48,RU,1612705825
ust-koksa,50.2696,85.6108,24.6,92,100,4.0,RU,1612705825
lure,47.75,6.5,42.8,81,90,11.5,FR,1612705907
cabadiangan,9.7531,122.4739,78.64,82,98,8.86,PH,1612705825
tabas,33.5959,56.9244,73.4,13,0,2.3,IR,1612705907
shimoda,34.6667,138.95,44.01,54,0,1.01,JP,1612705825
araouane,18.9048,-3.5265,78.33,16,84,15.08,ML,1612705907
shumskiy,54.8318,99.1328,22.23,93,100,3.85,RU,1612705908
porto novo,6.4965,2.6036,89.6,74,20,11.5,BJ,1612705872
port hedland,-20.3167,118.5667,80.6,69,0,11.5,AU,1612705908
innisfail,-17.5333,146.0333,79.21,90,100,2.66,AU,1612705826
bousso,10.4795,16.7117,97.83,9,100,4.85,TD,1612705908
uvat,59.1433,68.8953,2.55,91,100,14.88,RU,1612705908
oussouye,12.485,-16.5469,84.2,30,0,6.91,SN,1612705908
tomaszow lubelski,50.4477,23.4162,19.0,84,100,19.86,PL,1612705908
coxim,-18.5067,-54.76,83.77,50,0,6.13,BR,1612705908
araguaina,-7.1911,-48.2072,85.08,65,39,4.38,BR,1612705783
palaikastron,35.2,26.25,66.99,70,88,7.81,GR,1612705758
mirabad,30.4362,61.8383,59.68,27,0,2.06,AF,1612705909
ostrovnoy,68.0531,39.5131,7.66,87,100,12.15,RU,1612705827
zhigansk,66.7697,123.3711,-26.27,83,100,15.73,RU,1612705909
vostok,46.4856,135.8833,-12.73,90,100,2.89,RU,1612705909
kamaishi,39.2667,141.8833,29.28,87,3,17.4,JP,1612705909
corinto,37.9407,22.9573,64.0,54,89,2.98,GR,1612705909
san andres,12.5847,-81.7006,80.6,74,40,6.91,CO,1612705811
kachug,53.9606,105.8817,9.32,90,92,2.35,RU,1612705910
atikokan,48.7555,-91.6216,-29.43,83,85,8.14,CA,1612705910
alekseyevsk,57.8406,108.3492,20.19,96,100,12.57,RU,1612705910
alofi,-19.0595,-169.9187,77.0,94,90,4.61,NU,1612705828
sibi,29.5448,67.8764,68.74,23,0,1.5,PK,1612705828
iquique,-20.2208,-70.1431,77.0,47,0,8.05,CL,1612705910
antequera,37.0194,-4.5612,60.8,59,75,9.22,ES,1612705910
suba,10.8438,121.0102,81.25,81,87,25.61,PH,1612705910
gorom-gorom,14.4439,-0.2361,95.68,10,78,6.04,BF,1612705910
conakry,9.538,-13.6773,82.4,74,75,9.22,GN,1612705828
huainan,32.6264,116.9969,46.31,62,100,16.24,CN,1612705809
hare bay,48.8499,-54.0148,28.4,59,100,17.27,CA,1612705829
bialogard,54.007,15.9875,21.0,54,100,14.97,PL,1612705911
west bay,19.3667,-81.4167,81.0,78,20,11.5,KY,1612705829
mount gambier,-37.8333,140.7667,55.4,71,90,8.05,AU,1612705911
hanna,51.6334,-111.9018,-27.99,76,4,3.0,CA,1612705829
alihe,50.5667,123.7167,-9.8,85,0,2.8,CN,1612705829
khairpur,27.5295,68.7617,77.0,50,0,7.56,PK,1612705911
graaff-reinet,-32.2522,24.5308,89.01,32,57,5.99,ZA,1612705830
valdivia,-39.8142,-73.2459,62.6,77,40,2.3,CL,1612705830
sao felix do xingu,-6.6447,-51.995,86.61,60,59,2.82,BR,1612705912
santiago,-33.4569,-70.6483,70.0,88,90,1.14,CL,1612705912
catalina,32.5056,-110.9211,43.0,37,0,2.3,US,1612705912
asmara,15.3333,38.9333,56.88,46,3,4.23,ER,1612705831
castro,-24.7911,-50.0119,70.02,52,0,4.16,BR,1612705912
ponta delgada,37.7333,-25.6667,63.0,94,75,16.11,PT,1612705912
englehart,47.8169,-79.8664,8.6,72,90,10.36,CA,1612705831
usakos,-22.0,15.6,96.96,14,0,19.46,NA,1612705912
wodonga,-36.1167,146.8833,66.2,72,0,5.75,AU,1612705912
tateyama,34.9833,139.8667,48.0,47,60,4.0,JP,1612705912
filadelfia,39.9523,-75.1638,35.6,87,90,10.36,US,1612705724
awjilah,29.1081,21.2869,80.37,16,100,13.42,LY,1612705913
pokhara,28.2333,83.9833,52.99,54,0,2.26,NP,1612705853
mandurah,-32.55,115.7,69.01,94,72,17.98,AU,1612705913
pangnirtung,66.1451,-65.7125,24.15,79,0,12.03,CA,1612705913
ust-ilimsk,58.0006,102.6619,26.67,97,100,8.19,RU,1612705913
isangel,-19.55,169.2667,77.79,78,9,3.4,VU,1612705832
uribia,11.7139,-72.266,82.51,61,100,25.41,CO,1612705913
sabha,27.0377,14.4283,85.86,11,81,18.23,LY,1612705913
erzin,36.9559,36.2,66.2,68,75,12.66,TR,1612705913
jagtial,18.8,78.9333,70.61,25,54,4.81,IN,1612705913
mul,20.0667,79.6667,70.54,22,0,6.2,IN,1612705913
teahupoo,-17.8333,-149.2667,75.2,73,40,4.61,PF,1612705914
itarema,-2.9248,-39.9167,89.11,54,2,13.22,BR,1612705914
te anau,-45.4167,167.7167,53.69,82,100,3.33,NZ,1612705914
zeya,53.75,127.2667,-13.61,83,45,3.94,RU,1612705833
narsaq,60.9167,-46.05,39.2,30,75,48.34,GL,1612705833
gazojak,41.1875,61.4036,51.89,49,100,8.14,TM,1612705914
am timan,11.0297,20.2827,93.47,9,22,6.2,TD,1612705914
mezen,65.8522,44.24,-17.52,88,100,8.28,RU,1612705833
chengde,40.9725,117.9361,19.98,73,0,2.59,CN,1612705914
sergeyevka,53.88,67.4158,8.19,93,100,21.45,KZ,1612705834
porto santo,33.072,-16.3415,60.8,88,75,12.66,PT,1612705834
dhidhdhoo,6.8833,73.1,81.72,75,100,13.65,MV,1612705915
skibbereen,51.55,-9.2667,39.2,93,75,17.27,IE,1612705915
dolores,-36.3132,-57.6792,80.62,51,0,3.71,AR,1612705915
ribeira brava,32.65,-17.0667,64.0,81,100,1.01,PT,1612705915
comodoro rivadavia,-45.8667,-67.5,55.4,88,40,8.88,AR,1612705915
santa vitoria do palmar,-33.5189,-53.3681,75.6,59,0,4.52,BR,1612705834
wamba,8.9333,8.6,102.97,8,91,3.36,NG,1612705915
camargo,27.6667,-105.1667,48.11,43,9,4.56,MX,1612705915
dawson creek,55.7666,-120.2362,-40.0,67,90,2.3,CA,1612705809
springbok,-29.6643,17.8865,86.22,23,0,19.22,ZA,1612705915
cururupu,-1.8283,-44.8683,85.89,63,81,6.82,BR,1612705916
iberia,29.9502,-91.7507,48.2,81,90,8.05,US,1612705835
olafsvik,64.8945,-23.7142,34.27,83,0,14.38,IS,1612705835
loa janan,-0.583,117.095,75.6,94,100,1.19,ID,1612705916
immokalee,26.4187,-81.4173,78.01,88,90,10.36,US,1612705869
charyshskoye,51.3978,83.5598,29.57,94,74,7.11,RU,1612705835
payyannur,12.1,75.2,77.16,72,0,5.03,IN,1612705916
santa rosa,14.3122,121.1114,82.4,61,20,4.61,PH,1612705630
richmond hill,43.8711,-79.4372,18.0,80,73,4.0,CA,1612705916
bay city,43.5945,-83.8889,3.99,72,1,11.5,US,1612705641
luganville,-15.5333,167.1667,77.95,74,33,7.25,VU,1612705916
raga,8.4596,25.678,88.52,12,18,7.74,SS,1612705917
liwale,-9.7667,37.9333,80.17,76,87,2.3,TZ,1612705836
lana,46.6124,11.1559,41.0,100,75,2.3,IT,1612705917
zhob,31.3411,69.4481,62.94,28,0,2.95,PK,1612705836
ubinskoye,55.3068,79.6802,14.38,93,100,20.51,RU,1612705917
gamba,-2.65,10.0,80.62,84,100,7.34,GA,1612705836
kuala terengganu,5.3302,103.1408,80.6,83,40,6.91,MY,1612705836
tarrafal,15.2833,-23.7667,73.4,53,40,25.32,CV,1612705917
russell,32.3502,-85.1999,44.6,87,90,8.05,US,1612705837
deogarh,21.5333,84.7333,68.23,25,0,6.02,IN,1612705917
sisimiut,66.9395,-53.6735,26.73,81,0,17.83,GL,1612705918
luxor,25.6989,32.6421,78.8,34,0,4.61,EG,1612705918
umarkot,25.3616,69.7362,64.8,28,0,1.45,PK,1612705918
chegdomyn,51.1167,133.0167,-13.49,88,97,0.63,RU,1612705918
buala,-8.145,159.5921,78.66,82,100,3.02,SB,1612705918
vapi,20.3718,72.9049,74.37,39,0,7.09,IN,1612705918
orocue,4.7912,-71.3354,86.22,54,100,11.23,CO,1612705918
